id,output,
Seed,1926134
Seed,1552817
Password,57354708d52ae59b80e4252f02c03f49ae2c80dd0946689fc29dc214d0daee72
Seed,2333034
Seed,2335723
Password,972ac7455ecf54b9e50c8ad1d2dfa736eaefc49069883c80cea9587055e0bde1
Seed,3251852
Seed,1799388
Password,b27ded34734c31613f43c0b2ab555d1996f8b66295fa1b00fb2497f5aeee4099
Seed,636796
Seed,1974396
Seed,672576
Seed,2147786
Seed,1438725
Password,6ca56c6fc2aec7866f60fbcf505450a9b8b471c7ebe18024ecd970dd6b9ffb86
Seed,2375781
Seed,2215684
Password,8068f7404db1cfc51329977c8437e58e36cbe40268d5b9b09b4f8f2453f1e28c
Seed,2014686
Seed,2780287
Password,1e940291965eced1202b7577820efe5a5901dc4d1e9834dfd1ab5794eb0a3239
Seed,2522629
Seed,1224044
Password,a1b375c024169140350bad92ae0c202e444a30e46e2f6b4b1e4c607be9ce2288
Seed,1794647
Seed,2294706
Seed,2398440
Seed,1807467
Seed,1978846
Seed,2758347
