Seed,2140599
Seed,2509300
Password,1f2f0199e11ada7bc29da1e0a426a42b21d8f6b7d1f85117640e50414e61bb40
Seed,2362492
Seed,2685949
Seed,1979667
Seed,1608034
Seed,2515126
Seed,1297941
Seed,2846456
Seed,2404240
Seed,1227061
Seed,2047923
Password,db56e2bf2f23433029e1def1089df79da932bbc16e734b10bd1b476f9838c537
Seed,1143670
Seed,2364649
Password,20d1239a19d9e9a93348743e8eef5b4fdd6e2c1b3ac75eeecbb810aede3ae66d
Seed,1905981
Seed,2426151
Seed,1074379
Seed,2099069
Seed,1905430
Seed,1997433
Seed,1217619
Seed,3012651
Seed,1350017
Seed,1229218
Password,b35be9f8a1e35809d96de05595b729468ef65888b7f49a9c34629245f6237b6d
Seed,2812429
Seed,2142983
Password,f6ed075843f0faeb0979a7bc06767cb169e2e9fab1e775088bea00cffa9ff941
Seed,2369495
Seed,1845173
Password,5e61e813ad2b13a48e41d1e982e5d4b979c488c50fe5a431f68d6068f680bcd4
Seed,2472143
Seed,2579101
Seed,1937007
Seed,1588781
Seed,2571813
Seed,2412902
Password,565232db6b679e9e8d7e48abd4394609d178f487aac7d6835f1751fef5b8d596
Seed,1998640
Seed,2042283
Password,ef394d84caa9202e939cae78efe458575be0c91e2be2d8934ce6d0bda2368106
Seed,1202087
Seed,1882126
Seed,2278282
Seed,2264337
Seed,1490476
Password,20feb25a756c21201c0454d416b29e59522748d41effd2ec8225bff3f772a613
Seed,1664101
Seed,2545839
Password,bb8905b8bbbabe08df7908f0be6002dc4a2e47663bc5c7b7cd0df84f0df0c1c1
Seed,1752371
Seed,3122382
Seed,2455579
Seed,1462898
Seed,1577972
Password,3eb9faeb1b245ad8efd0e02ab7db472abd3f14e50ed7cd07ec29ca01a36849ac
Seed,1126037
Seed,1619299
Password,ea0e25326d495d02530d4e9635ee54e353c9bb27640d01bbd62ae31378530b9b
Seed,1849927
Seed,1908035
Password,b4f8caf2179e42c1a3273720fb7aa45723bbf34c38679ccfbec821f8fecbc2bb
Seed,1434938
Seed,2959056
Seed,583063
Seed,2678061
Seed,2411812
Seed,2222115
Seed,2387078
Password,bdfa3994ba71751d5342f2e3dd35eec0aa95c49de67bafc420ae09a2b5291cf0
Seed,2514048
Seed,1420337
Seed,1902400
Password,20b662815131f5b2c87c504fed6af3317f6260d6f24c07d3ef63983dd72529c3
Seed,2781236
Seed,2083325
Password,c08dced6101de20a378197af1ae3ae1f1c186a7f7890ee6d919ae0f2ea9871dd
Seed,1484814
Seed,2142193
Seed,1112511
Seed,1122296
Seed,1392955
Seed,2788588
Seed,2531586
Seed,1656664
Seed,2067765
Seed,1332039
Seed,2093829
Seed,2330674
Seed,2783730
Password,ac165871df7c5e35b39b149cb26f10105b0154195ebf810309a361d8cf1e21cf
Seed,2205423
Seed,1672542
Seed,1378473
Password,7b8f3f93658deba5eaf306fe5cf76878f890e4ad3e9ce3760d040a89192b7889
Seed,2108819
Seed,2661463
Password,50c2d27adacadf3b61d8f8cdd350d2a9134fa846e80e583ce7bed626d7a33b60
Seed,2229083
Seed,2378995
Password,6bd2426bf310c3851bc56df8534d54ae30aa8ff6858301322d382945dddbef85
Seed,1830282
Seed,2373703
Seed,2562608
Seed,2765756
Seed,2701841
Password,b19441e88196778dcc1b3595eb19cabdf22ad1cb85d8b512f65c59a0b6906acf
Seed,2237486
Seed,2102172
Seed,2999716
Seed,2017057
Seed,1588917
Seed,1829435
Seed,1326192
Seed,1516824
Password,5fb64773945d2309b2b5160a556a3ec3eb02967b853e7ae0869a79173a639f36
Seed,2536777
Seed,3171190
Password,49c1e1414b7eac38ef312009eeae2e52770cfa206df744bf1ff690c3a00731f1
Seed,1381219
Seed,2142633
Password,10243258d69a4d00a6f1f361f1eae9a8df61e43c130fad308955602c184cc25a
Seed,1911856
Seed,2344844
Password,b7ef1997facf68837e9e70543ee3250d322ca41c0b8dcb09800a9111bd508638
Seed,2986337
Seed,2225232
Seed,618843
Seed,1104942
Seed,2323118
Seed,2873362
Seed,1838426
Seed,1466139
Password,527c94a2e1519cee7e121dfca82955ad263f5d5a60a9b445eb6b1a092078e0e8
Seed,1428888
Seed,2492601
Seed,2578830
Password,61ee401d5eeb98d8832d38a06c49f1764a5a7b13a1ab7939c6423e0861188e53
Seed,1676630
Seed,1733343
Seed,1848433
Seed,853103
Seed,1660831
Seed,1112441
Seed,2534741
Seed,1105976
Seed,1596064
Seed,1964304
Seed,2497166
Seed,1564584
Seed,1452186
Seed,1343504
Seed,1766427
Seed,2110424
Seed,1472852
Seed,2813201
Password,f62ec8f8b57405e04fbc217954afa7b6f5ab5add59420374839c0dbb5d4ba216
Seed,2185901
Seed,1972157
Seed,2294385
Seed,2030686
Seed,1151779
Password,2953b1ed543bb614c612e6d6b3b60e3a04ad5d01b9e6db143d116e745f46f949
Seed,3091426
Seed,2557779
Password,34ff7adbecf4295c1f3ff5a45c3ec3add37928668410c08f7a99a6aab04697fe
Seed,2192394
Seed,2481693
Password,6ca4482ac5dcc229c2092cdaf84da3515a41f35d698e615fa162ca3dbadcc463
Seed,1826518
Seed,3097757
Seed,2857294
Seed,1892439
Seed,2420487
Password,dbe164d62e9b29587fcbf637ecac4aca417bbc3da8c697bb611973bbcf612101
Seed,2995393
Seed,1648864
Seed,1698502
Seed,2115425
Seed,1390200
Seed,2591169
Seed,2530266
Seed,1770131
Seed,2076927
Seed,2437408
Seed,1570063
Seed,2486315
Seed,1897163
Seed,1782551
Seed,3027125
Seed,1079913
Seed,2160391
Seed,2405725
Password,9ca48ff2caea26e121c29450178cdeb6a64f50f01fc45b61fb24dbf9f37e09ab
Seed,1942131
Seed,1413458
Seed,2502524
Seed,1748066
Password,6897e27bfe9c99e9f6cf5e54d7fac4c3f563d321e22cbf4c6b99e2a628ef13ce
Seed,1953773
Seed,1893971
Password,e0d30a184dfbf9e555895975da8c2f4bcf4f654aeca95865471749c4c77a560a
Seed,2633111
Seed,2495491
Password,26ac09948393e58c6b81c8f41045d5812c7d876305fe2db82dc6b79414fb5aa2
Seed,1553532
Seed,1858413
Password,f8187d7ee6c1cfd2b6661a53232f42e6134aaaf64c1fbe3e4a2c14a44be90cbd
Seed,2846062
Seed,3176826
Seed,2488437
Seed,1017671
Seed,3180541
Seed,2090824
Seed,2532050
Seed,2529790
Seed,2514247
Seed,1309275
Seed,2307335
Seed,1128621
Seed,1666146
Seed,1402466
Seed,940332
Seed,2611780
Seed,1563650
Seed,1475882
Seed,1765055
Seed,2100311
Seed,1681422
Seed,1741431
Seed,724876
Seed,1475600
Seed,2538190
Seed,2939051
Seed,2774829
Seed,2759575
Seed,2306908
Seed,2765774
Seed,1184221
Seed,3426602
Seed,1464467
Seed,1816956
Seed,2066405
Seed,2857811
Seed,2062800
Seed,3446117
Seed,1720864
Seed,1916491
Seed,1333735
Seed,1695118
Seed,2306308
Seed,2310931
Seed,1421411
Seed,2410527
Seed,2118446
Seed,2203565
Seed,2574672
Seed,1983496
Seed,679441
Seed,2460264
Seed,2768433
Seed,2421699
Seed,1381434
Seed,1956505
Seed,1969564
Seed,2033469
Seed,1421344
Seed,1222414
Seed,2677765
Seed,1142080
Seed,1577138
Seed,1732557
Seed,1760326
Seed,1208169
Seed,924784
Seed,2257721
Seed,2859132
Seed,2525396
Seed,1632131
Seed,2365161
Seed,1752028
Seed,1494552
Seed,2509874
Seed,2259523
Seed,2113398
Seed,1928747
Seed,2067505
Seed,717287
Seed,1724055
Seed,2247405
Seed,2278979
Seed,2106406
Seed,2226941
Seed,1455288
Seed,1754635
Seed,1574340
Seed,1986712
Seed,1666939
Seed,1485298
Seed,1983777
Password,3aa5b7400f3f356b92a1b3f10b4f68f21fc94c04ae926e3fb78d1e592b1d1ea7
Seed,2242113
Seed,596541
Seed,1937239
Seed,2283510
Seed,2941639
Seed,1016251
Seed,2694902
Seed,2088363
Seed,1817593
Seed,2620988
Seed,1621030
Seed,1590560
Seed,1996540
Seed,2365408
Seed,1893952
Seed,2226290
Seed,2594864
Seed,2320177
Seed,2335919
Seed,1381860
Seed,1762574
Seed,1958736
Seed,2360848
Seed,2094569
Seed,1171722
Seed,1170124
Seed,1415065
Seed,2843590
Seed,2598998
Seed,971742
Seed,2625041
Seed,2073771
Seed,902617
Password,a9a8b745c39b60db46ffa62edf9eb4f852efb646e4c842aa8f2ad04d4f486c54
Seed,1856944
Seed,2770403
Password,9c67d87ec39dda33861e5dc889bc051794b06347c4888bf23416e473bf181e0e
Seed,2034113
Seed,1436108
Seed,2317565
Seed,2619206
Password,223461e7fc15e515fe1a144fb9e51c9a23dd29247a410ba8ee8e32c53feefe88
Seed,982187
Seed,1812858
Seed,1801905
Seed,2044304
Seed,808410
Password,5fb44e76ea86d3b94c50bb3bb6e419a03d0ef393c85d9e16ac6fcfac5d57fafb
Seed,2427810
Seed,2138675
Seed,2399776
Password,a95d3c56c9c6f2f33a3a24d38fdc7d3d0d85dd28296ad5bdc95e61dd20b6fc04
Seed,2544946
Seed,1398618
Password,8b992a466cac9fc8db0a3d79c0dc85b331b443c490b73a4d20cf94be5c2960a1
Seed,1465879
Seed,1389856
Seed,2612985
Seed,1386985
Seed,1543751
Seed,2339269
Password,eff9f62c016214ee81083ab3e82ff51d251330fd4c3c331f104e99abea210e19
Seed,3294589
Seed,1879136
Password,3d5e108418459f267508b7684842f676dcd12bdd90e5196aa4caebf4d5d7394b
Seed,2679621
Seed,2311514
Password,4c0218483ff4c8b533eab71204c034f7b2906e00b08d9c2cd5ab52bb49bb6352
Seed,2252155
Seed,1633753
Seed,1096001
Seed,1234905
Seed,1899329
Seed,1833367
Password,66fd8fd92572eae946558535d15d43e332635b5f3f7a262ed881705491939342
Seed,2005512
Seed,2042753
Seed,2371432
Seed,1193477
Seed,2957665
